Workbook

Sheet Cover
B1: ACCOUNTS RECEIVABLE
B2: Who Owes You Money - Debtor Tracking
B4: How to Use | C4: List all outstanding invoices. Aging report shows how overdue each is.
B5: Aging | C5: Current, 1-30 days, 31-60 days, 61-90 days, 90+ days.
B6: Chase | C6: Use the Notes column to record chase activity.

Sheet Invoices
B1: OUTSTANDING INVOICES
B3: Invoice No | C3: Date | D3: Customer | E3: Description | F3: Amount | G3: Days Outstanding | H3: Current | I3: 1-30 days | J3: 31-60 days | K3: 61-90 days | L3: 90+ days
B4: INV-1001 | C4: 2025-03-15 | D4: ABC Ltd | E4: Consulting project | F4: 2500 | H4: =IF(G4<=0,E4,0) | I4: =IF(AND(G4>0,G4<=30),E4,0) | J4: =IF(AND(G4>30,G4<=60),E4,0) | K4: =IF(AND(G4>60,G4<=90),E4,0) | L4: =IF(G4>90,E4,0)
B5: INV-1002 | C5: 2025-03-28 | D5: XYZ Ltd | E5: Website design | F5: 1800 | H5: =IF(G5<=0,E5,0) | I5: =IF(AND(G5>0,G5<=30),E5,0) | J5: =IF(AND(G5>30,G5<=60),E5,0) | K5: =IF(AND(G5>60,G5<=90),E5,0) | L5: =IF(G5>90,E5,0)
B6: INV-1003 | C6: 2025-04-02 | D6: Smith & Co | E6: Monthly retainer | F6: 950 | H6: =IF(G6<=0,E6,0) | I6: =IF(AND(G6>0,G6<=30),E6,0) | J6: =IF(AND(G6>30,G6<=60),E6,0) | K6: =IF(AND(G6>60,G6<=90),E6,0) | L6: =IF(G6>90,E6,0)
B7: INV-1004 | C7: 2025-04-10 | D7: Green Ltd | E7: Training course | F7: 1200 | H7: =IF(G7<=0,E7,0) | I7: =IF(AND(G7>0,G7<=30),E7,0) | J7: =IF(AND(G7>30,G7<=60),E7,0) | K7: =IF(AND(G7>60,G7<=90),E7,0) | L7: =IF(G7>90,E7,0)
B8: INV-1005 | C8: 2025-04-18 | D8: Brown & Sons | E8: Project work | F8: 3200 | H8: =IF(G8<=0,E8,0) | I8: =IF(AND(G8>0,G8<=30),E8,0) | J8: =IF(AND(G8>30,G8<=60),E8,0) | K8: =IF(AND(G8>60,G8<=90),E8,0) | L8: =IF(G8>90,E8,0)
B9: INV-1006 | C9: 2025-05-01 | D9: ABC Ltd | E9: Follow-up work | F9: 750 | H9: =IF(G9<=0,E9,0) | I9: =IF(AND(G9>0,G9<=30),E9,0) | J9: =IF(AND(G9>30,G9<=60),E9,0) | K9: =IF(AND(G9>60,G9<=90),E9,0) | L9: =IF(G9>90,E9,0)
H10: =IF(G10<=0,F10,0) | I10: =IF(AND(G10>0,G10<=30),F10,0) | J10: =IF(AND(G10>30,G10<=60),F10,0) | K10: =IF(AND(G10>60,G10<=90),F10,0) | L10: =IF(G10>90,F10,0)
H11: =IF(G11<=0,F11,0) | I11: =IF(AND(G11>0,G11<=30),F11,0) | J11: =IF(AND(G11>30,G11<=60),F11,0) | K11: =IF(AND(G11>60,G11<=90),F11,0) | L11: =IF(G11>90,F11,0)
H12: =IF(G12<=0,F12,0) | I12: =IF(AND(G12>0,G12<=30),F12,0) | J12: =IF(AND(G12>30,G12<=60),F12,0) | K12: =IF(AND(G12>60,G12<=90),F12,0) | L12: =IF(G12>90,F12,0)
H13: =IF(G13<=0,F13,0) | I13: =IF(AND(G13>0,G13<=30),F13,0) | J13: =IF(AND(G13>30,G13<=60),F13,0) | K13: =IF(AND(G13>60,G13<=90),F13,0) | L13: =IF(G13>90,F13,0)
H14: =IF(G14<=0,F14,0) | I14: =IF(AND(G14>0,G14<=30),F14,0) | J14: =IF(AND(G14>30,G14<=60),F14,0) | K14: =IF(AND(G14>60,G14<=90),F14,0) | L14: =IF(G14>90,F14,0)
H15: =IF(G15<=0,F15,0) | I15: =IF(AND(G15>0,G15<=30),F15,0) | J15: =IF(AND(G15>30,G15<=60),F15,0) | K15: =IF(AND(G15>60,G15<=90),F15,0) | L15: =IF(G15>90,F15,0)
H16: =IF(G16<=0,F16,0) | I16: =IF(AND(G16>0,G16<=30),F16,0) | J16: =IF(AND(G16>30,G16<=60),F16,0) | K16: =IF(AND(G16>60,G16<=90),F16,0) | L16: =IF(G16>90,F16,0)
H17: =IF(G17<=0,F17,0) | I17: =IF(AND(G17>0,G17<=30),F17,0) | J17: =IF(AND(G17>30,G17<=60),F17,0) | K17: =IF(AND(G17>60,G17<=90),F17,0) | L17: =IF(G17>90,F17,0)
H18: =IF(G18<=0,F18,0) | I18: =IF(AND(G18>0,G18<=30),F18,0) | J18: =IF(AND(G18>30,G18<=60),F18,0) | K18: =IF(AND(G18>60,G18<=90),F18,0) | L18: =IF(G18>90,F18,0)
H19: =IF(G19<=0,F19,0) | I19: =IF(AND(G19>0,G19<=30),F19,0) | J19: =IF(AND(G19>30,G19<=60),F19,0) | K19: =IF(AND(G19>60,G19<=90),F19,0) | L19: =IF(G19>90,F19,0)
B20: TOTALS | E20: =SUM(E4:E19) | G20: =SUM(G4:G19) | H20: =SUM(H4:H19) | I20: =SUM(I4:I19) | J20: =SUM(J4:J19) | K20: =SUM(K4:K19)

Sheet Aging Summary
B1: AGING SUMMARY
B4: Current (not yet due) | C4: ='Invoices'!H20 | D4: =IF(C$9>0,C4/C$9,0)
B5: 1-30 days overdue | C5: ='Invoices'!I20 | D5: =IF(C$9>0,C5/C$9,0)
B6: 31-60 days overdue | C6: ='Invoices'!J20 | D6: =IF(C$9>0,C6/C$9,0)
B7: 61-90 days overdue | C7: ='Invoices'!K20 | D7: =IF(C$9>0,C7/C$9,0)
B8: Over 90 days | C8: ='Invoices'!L20 | D8: =IF(C$9>0,C8/C$9,0)
B9: TOTAL OUTSTANDING | C9: =SUM(C4:C8)
